<?xml version="1.0" encoding="UTF-8"?>
<project-private xmlns="http://www.netbeans.org/ns/project-private/1">
    <editor-bookmarks xmlns="http://www.netbeans.org/ns/editor-bookmarks/2" lastBookmarkId="0"/>
    <open-files xmlns="http://www.netbeans.org/ns/projectui-open-files/2">
        <group>
            <file>file:/E:/GroupFestival/.git/config</file>
            <file>file:/E:/GroupFestival/home.css</file>
            <file>file:/E:/GroupFestival/shows.php</file>
            <file>file:/E:/GroupFestival/index.php</file>
            <file>file:/E:/GroupFestival/login.php</file>
            <file>file:/E:/GroupFestival/venue.php</file>
            <file>file:/E:/GroupFestival/css/style.css</file>
        </group>
    </open-files>
</project-private>
