<?xml version="1.0" encoding="UTF-8"?>
<project-private xmlns="http://www.netbeans.org/ns/project-private/1">
    <editor-bookmarks xmlns="http://www.netbeans.org/ns/editor-bookmarks/2" lastBookmarkId="0"/>
    <open-files xmlns="http://www.netbeans.org/ns/projectui-open-files/2">
        <group>
            <file>file:/C:/Users/Matty/OneDrive/Desktop/BigFestBelfast2/VenueManager/vmapplications.php</file>
            <file>file:/C:/Users/Matty/OneDrive/Desktop/BigFestBelfast2/VenueManager/vmviewapplications.php</file>
            <file>file:/C:/Users/Matty/OneDrive/Desktop/BigFestBelfast2/VenueManager/processeditvenue.php</file>
            <file>file:/C:/Users/Matty/OneDrive/Desktop/BigFestBelfast2/VenueManager/vmeditvenue.php</file>
            <file>file:/C:/Users/Matty/OneDrive/Desktop/BigFestBelfast2/VenueManager/vmschedule.php</file>
            <file>file:/C:/Users/Matty/OneDrive/Desktop/BigFestBelfast2/userhomepages/venuemanagerhomepage.php</file>
            <file>file:/C:/Users/Matty/OneDrive/Desktop/BigFestBelfast2/VenueManager/vmannouncements.php</file>
        </group>
    </open-files>
</project-private>
